抓取日期,社會住宅,遞補類型,房型,戶別,已遞補人數,已放棄人數,待遞補人數,名冊總人數,實際放棄率
2026-09-30,北屯北屯,新案場招租,一房型,一般戶,119,658,810,1587,0.8468468468468469
2026-09-30,北屯北屯,新案場招租,一房型,關懷戶,62,30,192,284,0.32608695652173914
2026-09-30,北屯北屯,新案場招租,三房型,一般戶,15,97,0,112,0.8660714285714286
2026-09-30,北屯北屯,新案場招租,三房型,關懷戶,23,4,114,141,0.14814814814814814
2026-09-30,北屯北屯,新案場招租,二房型,一般戶,40,217,223,480,0.8443579766536965
2026-09-30,北屯北屯,新案場招租,二房型,關懷戶,31,1,182,214,0.03125
2026-09-30,南屯建功1號,新案場招租,三房型,一般戶,43,18,0,61,0.29508196721311475
2026-09-30,南屯建功1號,新案場招租,三房型,關懷戶,35,1,0,36,0.027777777777777776
2026-09-30,南屯建功1號,新案場招租,二房型,一般戶,56,193,32,281,0.7751004016064257
2026-09-30,南屯建功1號,新案場招租,二房型,關懷戶,39,47,0,86,0.5465116279069767
2026-09-30,南屯建功1號,隨到隨辦,三房型,一般戶,3,1,19,23,0.25
2026-09-30,南屯建功1號,隨到隨辦,三房型,關懷戶,3,2,42,47,0.4
2026-09-30,南屯建功1號,隨到隨辦,二房型,一般戶,0,3,104,107,1.0
2026-09-30,南屯建功1號,隨到隨辦,二房型,關懷戶,0,3,56,59,1.0
2026-09-30,南屯建功2、3號,隨到隨辦,一房型,一般戶,7,46,754,807,0.8679245283018868
2026-09-30,南屯建功2、3號,隨到隨辦,一房型,關懷戶,8,17,169,194,0.68
2026-09-30,南屯建功2、3號,隨到隨辦,三房型,一般戶,1,13,72,86,0.9285714285714286
2026-09-30,南屯建功2、3號,隨到隨辦,三房型,關懷戶,0,15,178,193,1.0
2026-09-30,南屯建功2、3號,隨到隨辦,二房型,一般戶,7,22,327,356,0.7586206896551724
2026-09-30,南屯建功2、3號,隨到隨辦,二房型,關懷戶,4,26,187,217,0.8666666666666667
2026-09-30,南屯建功5號,新案場招租,一房型,一般戶,7,0,372,379,0.0
2026-09-30,南屯建功5號,新案場招租,一房型,關懷戶,9,0,75,84,0.0
2026-09-30,南屯建功5號,新案場招租,三房型,一般戶,1,0,44,45,0.0
2026-09-30,南屯建功5號,新案場招租,三房型,關懷戶,2,0,92,94,0.0
2026-09-30,南屯建功5號,新案場招租,二房型,一般戶,17,0,146,163,0.0
2026-09-30,南屯建功5號,新案場招租,二房型,關懷戶,9,0,99,108,0.0
2026-09-30,南屯精科,隨到隨辦,一房型,一般戶,1150,697,1091,2939,0.37736870600974554
2026-09-30,南屯精科,隨到隨辦,一房型,關懷戶,283,164,309,757,0.3668903803131991
2026-09-30,南屯精科,隨到隨辦,三房型,一般戶,161,107,111,379,0.39925373134328357
2026-09-30,南屯精科,隨到隨辦,三房型,關懷戶,110,98,218,426,0.47115384615384615
2026-09-30,南屯精科,隨到隨辦,二房型,一般戶,224,260,671,1155,0.5371900826446281
2026-09-30,南屯精科,隨到隨辦,二房型,關懷戶,113,144,445,703,0.5603112840466926
2026-09-30,大里光正一期,隨到隨辦,一房型,一般戶,857,365,239,1461,0.2986906710310966
2026-09-30,大里光正一期,隨到隨辦,一房型,關懷戶,258,151,135,544,0.3691931540342298
2026-09-30,大里光正一期,隨到隨辦,三房型,一般戶,11,61,199,271,0.8472222222222222
2026-09-30,大里光正一期,隨到隨辦,三房型,關懷戶,14,80,388,482,0.851063829787234
2026-09-30,大里光正一期,隨到隨辦,二房型,一般戶,163,189,417,769,0.5369318181818182
2026-09-30,大里光正一期,隨到隨辦,二房型,關懷戶,75,140,374,589,0.6511627906976745
2026-09-30,太平育賢一期,隨到隨辦,一房型,一般戶,1566,782,1029,3378,0.3330494037478705
2026-09-30,太平育賢一期,隨到隨辦,一房型,關懷戶,499,229,443,1171,0.31456043956043955
2026-09-30,太平育賢一期,隨到隨辦,三房型,一般戶,167,83,58,308,0.332
2026-09-30,太平育賢一期,隨到隨辦,三房型,關懷戶,266,94,154,514,0.2611111111111111
2026-09-30,太平育賢一期,隨到隨辦,二房型,一般戶,338,278,604,1220,0.4512987012987013
2026-09-30,太平育賢一期,隨到隨辦,二房型,關懷戶,206,189,499,895,0.47848101265822784
2026-09-30,太平育賢三期,新案場招租,一房型,一般戶,17,0,350,367,0.0
2026-09-30,太平育賢三期,新案場招租,一房型,關懷戶,11,0,105,116,0.0
2026-09-30,太平育賢三期,新案場招租,二房型,一般戶,40,0,118,158,0.0
2026-09-30,太平育賢三期,新案場招租,二房型,關懷戶,21,0,127,148,0.0
2026-09-30,太平育賢二期,隨到隨辦,一房型,一般戶,386,412,1435,2233,0.5162907268170426
2026-09-30,太平育賢二期,隨到隨辦,一房型,關懷戶,76,127,587,790,0.625615763546798
2026-09-30,太平育賢二期,隨到隨辦,三房型,一般戶,81,25,102,208,0.2358490566037736
2026-09-30,太平育賢二期,隨到隨辦,三房型,關懷戶,137,67,239,444,0.3284313725490196
2026-09-30,太平育賢二期,隨到隨辦,二房型,一般戶,52,161,738,951,0.755868544600939
2026-09-30,太平育賢二期,隨到隨辦,二房型,關懷戶,26,118,644,789,0.8194444444444444
2026-09-30,太平長億,隨到隨辦,一房型,一般戶,12,18,294,324,0.6
2026-09-30,太平長億,隨到隨辦,一房型,關懷戶,5,6,146,157,0.5454545454545454
2026-09-30,太平長億,隨到隨辦,三房型,一般戶,0,4,42,46,1.0
2026-09-30,太平長億,隨到隨辦,三房型,關懷戶,0,7,112,119,1.0
2026-09-30,太平長億,隨到隨辦,二房型,一般戶,7,13,142,163,0.65
2026-09-30,太平長億,隨到隨辦,二房型,關懷戶,2,15,119,136,0.8823529411764706
2026-09-30,東區台中公園一期,新案場招租,一房型,一般戶,122,71,1144,1337,0.36787564766839376
2026-09-30,東區台中公園一期,新案場招租,一房型,關懷戶,138,46,54,238,0.25
2026-09-30,東區台中公園一期,新案場招租,三房型,一般戶,31,16,21,68,0.3404255319148936
2026-09-30,東區台中公園一期,新案場招租,三房型,關懷戶,22,5,69,96,0.18518518518518517
2026-09-30,東區台中公園一期,新案場招租,二房型,一般戶,100,39,319,458,0.2805755395683453
2026-09-30,東區台中公園一期,新案場招租,二房型,關懷戶,56,10,150,216,0.15151515151515152
2026-09-30,東區恊園,隨到隨辦,一房型,一般戶,1,1,454,456,0.5
2026-09-30,東區恊園,隨到隨辦,一房型,關懷戶,0,2,186,188,1.0
2026-09-30,東區恊園,隨到隨辦,三房型,一般戶,0,1,22,23,1.0
2026-09-30,東區恊園,隨到隨辦,三房型,關懷戶,1,3,77,81,0.75
2026-09-30,東區恊園,隨到隨辦,二房型,一般戶,1,4,134,139,0.8
2026-09-30,東區恊園,隨到隨辦,二房型,關懷戶,0,1,125,126,1.0
2026-09-30,梧棲三民,隨到隨辦,一房型,一般戶,556,192,12,760,0.25668449197860965
2026-09-30,梧棲三民,隨到隨辦,一房型,關懷戶,283,55,9,347,0.16272189349112426
2026-09-30,梧棲三民,隨到隨辦,三房型,一般戶,30,18,21,69,0.375
2026-09-30,梧棲三民,隨到隨辦,三房型,關懷戶,44,43,77,164,0.4942528735632184
2026-09-30,梧棲三民,隨到隨辦,二房型,一般戶,200,78,35,313,0.2805755395683453
2026-09-30,梧棲三民,隨到隨辦,二房型,關懷戶,152,45,43,240,0.22842639593908629
2026-09-30,烏日高鐵,新案場招租,一房型,一般戶,0,0,321,321,
2026-09-30,烏日高鐵,新案場招租,一房型,關懷戶,0,0,59,59,
2026-09-30,烏日高鐵,新案場招租,三房型,一般戶,0,0,51,51,
2026-09-30,烏日高鐵,新案場招租,三房型,關懷戶,0,0,115,115,
2026-09-30,烏日高鐵,新案場招租,二房型,一般戶,0,0,145,145,
2026-09-30,烏日高鐵,新案場招租,二房型,關懷戶,0,0,79,79,
2026-07-10,西屯國安一期,新案場招租,一房型,一般戶,109,0,747,856,0.0
2026-07-10,西屯國安一期,新案場招租,一房型,關懷戶,82,0,61,143,0.0
2026-07-10,西屯國安一期,新案場招租,三房型,一般戶,28,0,24,52,0.0
2026-07-10,西屯國安一期,新案場招租,三房型,關懷戶,19,0,132,151,0.0
2026-07-10,西屯國安一期,新案場招租,二房型,一般戶,41,0,250,291,0.0
2026-07-10,西屯國安一期,新案場招租,二房型,關懷戶,39,0,130,169,0.0
2026-09-30,西屯國安一期,隨到隨辦,一房型,一般戶,2,8,309,319,0.8
2026-09-30,西屯國安一期,隨到隨辦,一房型,關懷戶,1,0,99,100,0.0
2026-09-30,西屯國安一期,隨到隨辦,三房型,一般戶,0,1,31,32,1.0
2026-09-30,西屯國安一期,隨到隨辦,三房型,關懷戶,0,0,79,79,
2026-09-30,西屯國安一期,隨到隨辦,二房型,一般戶,0,0,124,124,
2026-09-30,西屯國安一期,隨到隨辦,二房型,關懷戶,0,2,99,101,1.0
2026-09-30,豐原安康一期,隨到隨辦,一房型,一般戶,559,299,398,1256,0.3484848484848485
2026-09-30,豐原安康一期,隨到隨辦,一房型,關懷戶,259,154,204,617,0.3728813559322034
2026-09-30,豐原安康一期,隨到隨辦,三房型,一般戶,59,46,97,202,0.4380952380952381
2026-09-30,豐原安康一期,隨到隨辦,三房型,關懷戶,82,72,242,397,0.4675324675324675
2026-09-30,豐原安康一期,隨到隨辦,二房型,一般戶,83,157,524,764,0.6541666666666667
2026-09-30,豐原安康一期,隨到隨辦,二房型,關懷戶,77,113,463,654,0.5947368421052631
